{
  "semantic": 0.6138956956510977,
  "lexical": 0.23759312888294845,
  "graph": 0.1485111754659538
}